<Ui xmlns="http://www.blizzard.com/wow/ui/" xmlns:xsi="http://www.w3.org/2001/XMLSchema-instance" xsi:schemaLocation="http://www.blizzard.com/wow/ui/ ..\FrameXML\UI.xsd">
 	<Script file="libs\LibStub\LibStub.lua"/>
    <Include file="libs\CallbackHandler-1.0\CallbackHandler-1.0.xml"/>
    <Script file="libs\LibDeformat-3.0\LibDeformat-3.0.lua"/>
    <Script file="libs\LibST\core.lua"/>
    <Include file="libs\AceAddon-3.0\AceAddon-3.0.xml"/>
    <Include file="libs\AceComm-3.0\AceComm-3.0.xml"/>
    <Include file="libs\ChatThrottleLib\ChatThrottleLib.xml"/>
    <Include file="libs\AceSerializer-3.0\AceSerializer-3.0.xml"/>
    <Include file="libs\LibCompress\lib.xml"/>
</Ui>